Time,GREENHOUSE_ZONE_0_5::Des Heat Load [W],GREENHOUSE_ZONE_0_5:SIZING PERIOD DESIGN DAY 1:Des Sens Cool Load [W],GREENHOUSE_ZONE_0_5::Des Heat Mass Flow [kg/s],GREENHOUSE_ZONE_0_5:SIZING PERIOD DESIGN DAY 1:Des Cool Mass Flow [kg/s],GREENHOUSE_ZONE_0_5::Des Latent Heat Load [W],GREENHOUSE_ZONE_0_5::Des Latent Cool Load [W],GREENHOUSE_ZONE_0_5::Des Latent Heat Mass Flow [kg/s],GREENHOUSE_ZONE_0_5::Des Latent Cool Mass Flow [kg/s],GREENHOUSE_ZONE_0_5::Des Heat Load No DOAS [W],GREENHOUSE_ZONE_0_5::Des Sens Cool Load No DOAS [W],GREENHOUSE_ZONE_0_5::Des Latent Heat Load No DOAS [W],GREENHOUSE_ZONE_0_5::Des Latent Cool Load No DOAS [W],GREENHOUSE_ZONE_0_5::Heating Zone Temperature [C],GREENHOUSE_ZONE_0_5::Heating Zone Relative Humidity [%],GREENHOUSE_ZONE_0_5:SIZING PERIOD DESIGN DAY 1:Cooling Zone Temperature [C],GREENHOUSE_ZONE_0_5:SIZING PERIOD DESIGN DAY 1:Cooling Zone Relative Humidity [%],GREENHOUSE_ZONE_1_5::Des Heat Load [W],GREENHOUSE_ZONE_1_5:SIZING PERIOD DESIGN DAY 1:Des Sens Cool Load [W],GREENHOUSE_ZONE_1_5::Des Heat Mass Flow [kg/s],GREENHOUSE_ZONE_1_5:SIZING PERIOD DESIGN DAY 1:Des Cool Mass Flow [kg/s],GREENHOUSE_ZONE_1_5::Des Latent Heat Load [W],GREENHOUSE_ZONE_1_5::Des Latent Cool Load [W],GREENHOUSE_ZONE_1_5::Des Latent Heat Mass Flow [kg/s],GREENHOUSE_ZONE_1_5::Des Latent Cool Mass Flow [kg/s],GREENHOUSE_ZONE_1_5::Des Heat Load No DOAS [W],GREENHOUSE_ZONE_1_5::Des Sens Cool Load No DOAS [W],GREENHOUSE_ZONE_1_5::Des Latent Heat Load No DOAS [W],GREENHOUSE_ZONE_1_5::Des Latent Cool Load No DOAS [W],GREENHOUSE_ZONE_1_5::Heating Zone Temperature [C],GREENHOUSE_ZONE_1_5::Heating Zone Relative Humidity [%],GREENHOUSE_ZONE_1_5:SIZING PERIOD DESIGN DAY 1:Cooling Zone Temperature [C],GREENHOUSE_ZONE_1_5:SIZING PERIOD DESIGN DAY 1:Cooling Zone Relative Humidity [%],GREENHOUSE_ZONE_2_0::Des Heat Load [W],GREENHOUSE_ZONE_2_0:SIZING PERIOD DESIGN DAY 1:Des Sens Cool Load [W],GREENHOUSE_ZONE_2_0::Des Heat Mass Flow [kg/s],GREENHOUSE_ZONE_2_0:SIZING PERIOD DESIGN DAY 1:Des Cool Mass Flow [kg/s],GREENHOUSE_ZONE_2_0::Des Latent Heat Load [W],GREENHOUSE_ZONE_2_0::Des Latent Cool Load [W],GREENHOUSE_ZONE_2_0::Des Latent Heat Mass Flow [kg/s],GREENHOUSE_ZONE_2_0::Des Latent Cool Mass Flow [kg/s],GREENHOUSE_ZONE_2_0::Des Heat Load No DOAS [W],GREENHOUSE_ZONE_2_0::Des Sens Cool Load No DOAS [W],GREENHOUSE_ZONE_2_0::Des Latent Heat Load No DOAS [W],GREENHOUSE_ZONE_2_0::Des Latent Cool Load No DOAS [W],GREENHOUSE_ZONE_2_0::Heating Zone Temperature [C],GREENHOUSE_ZONE_2_0::Heating Zone Relative Humidity [%],GREENHOUSE_ZONE_2_0:SIZING PERIOD DESIGN DAY 1:Cooling Zone Temperature [C],GREENHOUSE_ZONE_2_0:SIZING PERIOD DESIGN DAY 1:Cooling Zone Relative Humidity [%],GREENHOUSE_ZONE_3_0::Des Heat Load [W],GREENHOUSE_ZONE_3_0:SIZING PERIOD DESIGN DAY 1:Des Sens Cool Load [W],GREENHOUSE_ZONE_3_0::Des Heat Mass Flow [kg/s],GREENHOUSE_ZONE_3_0:SIZING PERIOD DESIGN DAY 1:Des Cool Mass Flow [kg/s],GREENHOUSE_ZONE_3_0::Des Latent Heat Load [W],GREENHOUSE_ZONE_3_0::Des Latent Cool Load [W],GREENHOUSE_ZONE_3_0::Des Latent Heat Mass Flow [kg/s],GREENHOUSE_ZONE_3_0::Des Latent Cool Mass Flow [kg/s],GREENHOUSE_ZONE_3_0::Des Heat Load No DOAS [W],GREENHOUSE_ZONE_3_0::Des Sens Cool Load No DOAS [W],GREENHOUSE_ZONE_3_0::Des Latent Heat Load No DOAS [W],GREENHOUSE_ZONE_3_0::Des Latent Cool Load No DOAS [W],GREENHOUSE_ZONE_3_0::Heating Zone Temperature [C],GREENHOUSE_ZONE_3_0::Heating Zone Relative Humidity [%],GREENHOUSE_ZONE_3_0:SIZING PERIOD DESIGN DAY 1:Cooling Zone Temperature [C],GREENHOUSE_ZONE_3_0:SIZING PERIOD DESIGN DAY 1:Cooling Zone Relative Humidity [%],GREENHOUSE_ZONE_4_2::Des Heat Load [W],GREENHOUSE_ZONE_4_2:SIZING PERIOD DESIGN DAY 1:Des Sens Cool Load [W],GREENHOUSE_ZONE_4_2::Des Heat Mass Flow [kg/s],GREENHOUSE_ZONE_4_2:SIZING PERIOD DESIGN DAY 1:Des Cool Mass Flow [kg/s],GREENHOUSE_ZONE_4_2::Des Latent Heat Load [W],GREENHOUSE_ZONE_4_2::Des Latent Cool Load [W],GREENHOUSE_ZONE_4_2::Des Latent Heat Mass Flow [kg/s],GREENHOUSE_ZONE_4_2::Des Latent Cool Mass Flow [kg/s],GREENHOUSE_ZONE_4_2::Des Heat Load No DOAS [W],GREENHOUSE_ZONE_4_2::Des Sens Cool Load No DOAS [W],GREENHOUSE_ZONE_4_2::Des Latent Heat Load No DOAS [W],GREENHOUSE_ZONE_4_2::Des Latent Cool Load No DOAS [W],GREENHOUSE_ZONE_4_2::Heating Zone Temperature [C],GREENHOUSE_ZONE_4_2::Heating Zone Relative Humidity [%],GREENHOUSE_ZONE_4_2:SIZING PERIOD DESIGN DAY 1:Cooling Zone Temperature [C],GREENHOUSE_ZONE_4_2:SIZING PERIOD DESIGN DAY 1:Cooling Zone Relative Humidity [%],GREENHOUSE_ZONE_4_3::Des Heat Load [W],GREENHOUSE_ZONE_4_3:SIZING PERIOD DESIGN DAY 1:Des Sens Cool Load [W],GREENHOUSE_ZONE_4_3::Des Heat Mass Flow [kg/s],GREENHOUSE_ZONE_4_3:SIZING PERIOD DESIGN DAY 1:Des Cool Mass Flow [kg/s],GREENHOUSE_ZONE_4_3::Des Latent Heat Load [W],GREENHOUSE_ZONE_4_3::Des Latent Cool Load [W],GREENHOUSE_ZONE_4_3::Des Latent Heat Mass Flow [kg/s],GREENHOUSE_ZONE_4_3::Des Latent Cool Mass Flow [kg/s],GREENHOUSE_ZONE_4_3::Des Heat Load No DOAS [W],GREENHOUSE_ZONE_4_3::Des Sens Cool Load No DOAS [W],GREENHOUSE_ZONE_4_3::Des Latent Heat Load No DOAS [W],GREENHOUSE_ZONE_4_3::Des Latent Cool Load No DOAS [W],GREENHOUSE_ZONE_4_3::Heating Zone Temperature [C],GREENHOUSE_ZONE_4_3::Heating Zone Relative Humidity [%],GREENHOUSE_ZONE_4_3:SIZING PERIOD DESIGN DAY 1:Cooling Zone Temperature [C],GREENHOUSE_ZONE_4_3:SIZING PERIOD DESIGN DAY 1:Cooling Zone Relative Humidity [%],GREENHOUSE_ZONE_6_0:SIZING PERIOD DESIGN DAY 1:Des Heat Load [W],GREENHOUSE_ZONE_6_0:SIZING PERIOD DESIGN DAY 1:Des Sens Cool Load [W],GREENHOUSE_ZONE_6_0:SIZING PERIOD DESIGN DAY 1:Des Heat Mass Flow [kg/s],GREENHOUSE_ZONE_6_0:SIZING PERIOD DESIGN DAY 1:Des Cool Mass Flow [kg/s],GREENHOUSE_ZONE_6_0::Des Latent Heat Load [W],GREENHOUSE_ZONE_6_0::Des Latent Cool Load [W],GREENHOUSE_ZONE_6_0::Des Latent Heat Mass Flow [kg/s],GREENHOUSE_ZONE_6_0::Des Latent Cool Mass Flow [kg/s],GREENHOUSE_ZONE_6_0::Des Heat Load No DOAS [W],GREENHOUSE_ZONE_6_0::Des Sens Cool Load No DOAS [W],GREENHOUSE_ZONE_6_0::Des Latent Heat Load No DOAS [W],GREENHOUSE_ZONE_6_0::Des Latent Cool Load No DOAS [W],GREENHOUSE_ZONE_6_0:SIZING PERIOD DESIGN DAY 1:Heating Zone Temperature [C],GREENHOUSE_ZONE_6_0:SIZING PERIOD DESIGN DAY 1:Heating Zone Relative Humidity [%],GREENHOUSE_ZONE_6_0:SIZING PERIOD DESIGN DAY 1:Cooling Zone Temperature [C],GREENHOUSE_ZONE_6_0:SIZING PERIOD DESIGN DAY 1:Cooling Zone Relative Humidity [%],GREENHOUSE_ZONE_7_3::Des Heat Load [W],GREENHOUSE_ZONE_7_3:SIZING PERIOD DESIGN DAY 1:Des Sens Cool Load [W],GREENHOUSE_ZONE_7_3::Des Heat Mass Flow [kg/s],GREENHOUSE_ZONE_7_3:SIZING PERIOD DESIGN DAY 1:Des Cool Mass Flow [kg/s],GREENHOUSE_ZONE_7_3::Des Latent Heat Load [W],GREENHOUSE_ZONE_7_3::Des Latent Cool Load [W],GREENHOUSE_ZONE_7_3::Des Latent Heat Mass Flow [kg/s],GREENHOUSE_ZONE_7_3::Des Latent Cool Mass Flow [kg/s],GREENHOUSE_ZONE_7_3::Des Heat Load No DOAS [W],GREENHOUSE_ZONE_7_3::Des Sens Cool Load No DOAS [W],GREENHOUSE_ZONE_7_3::Des Latent Heat Load No DOAS [W],GREENHOUSE_ZONE_7_3::Des Latent Cool Load No DOAS [W],GREENHOUSE_ZONE_7_3::Heating Zone Temperature [C],GREENHOUSE_ZONE_7_3::Heating Zone Relative Humidity [%],GREENHOUSE_ZONE_7_3:SIZING PERIOD DESIGN DAY 1:Cooling Zone Temperature [C],GREENHOUSE_ZONE_7_3:SIZING PERIOD DESIGN DAY 1:Cooling Zone Relative Humidity [%]
01:00:00,0.000000E+00,0.000000E+00,0.000000E+00,0.000000E+00,0.000000E+00,0.000000E+00,0.000000E+00,0.000000E+00,0.000000E+00,0.000000E+00,0.000000E+00,0.000000E+00,0.000000E+00,0.000000E+00,1.873640E+01,9.204511E+01,0.000000E+00,0.000000E+00,0.000000E+00,0.000000E+00,0.000000E+00,0.000000E+00,0.000000E+00,0.000000E+00,0.000000E+00,0.000000E+00,0.000000E+00,0.000000E+00,0.000000E+00,0.000000E+00,1.864106E+01,9.250987E+01,0.000000E+00,0.000000E+00,0.000000E+00,0.000000E+00,0.000000E+00,0.000000E+00,0.000000E+00,0.000000E+00,0.000000E+00,0.000000E+00,0.000000E+00,0.000000E+00,0.000000E+00,0.000000E+00,1.866939E+01,9.018316E+01,0.000000E+00,0.000000E+00,0.000000E+00,0.000000E+00,0.000000E+00,0.000000E+00,0.000000E+00,0.000000E+00,0.000000E+00,0.000000E+00,0.000000E+00,0.000000E+00,0.000000E+00,0.000000E+00,1.862177E+01,8.977204E+01,0.000000E+00,1.753057E+02,0.000000E+00,5.734886E-02,0.000000E+00,0.000000E+00,0.000000E+00,0.000000E+00,0.000000E+00,0.000000E+00,0.000000E+00,0.000000E+00,0.000000E+00,0.000000E+00,1.799774E+01,8.928813E+01,0.000000E+00,0.000000E+00,0.000000E+00,0.000000E+00,0.000000E+00,0.000000E+00,0.000000E+00,0.000000E+00,0.000000E+00,0.000000E+00,0.000000E+00,0.000000E+00,0.000000E+00,0.000000E+00,1.831113E+01,9.110358E+01,6.480188E+01,0.000000E+00,3.026312E-03,0.000000E+00,0.000000E+00,0.000000E+00,0.000000E+00,0.000000E+00,0.000000E+00,0.000000E+00,0.000000E+00,0.000000E+00,1.900110E+01,8.717380E+01,1.900110E+01,8.717380E+01,0.000000E+00,0.000000E+00,0.000000E+00,0.000000E+00,0.000000E+00,0.000000E+00,0.000000E+00,0.000000E+00,0.000000E+00,0.000000E+00,0.000000E+00,0.000000E+00,0.000000E+00,0.000000E+00,1.869168E+01,9.038718E+01
02:00:00,0.000000E+00,0.000000E+00,0.000000E+00,0.000000E+00,0.000000E+00,0.000000E+00,0.000000E+00,0.000000E+00,0.000000E+00,0.000000E+00,0.000000E+00,0.000000E+00,0.000000E+00,0.000000E+00,1.873628E+01,9.198562E+01,0.000000E+00,0.000000E+00,0.000000E+00,0.000000E+00,0.000000E+00,0.000000E+00,0.000000E+00,0.000000E+00,0.000000E+00,0.000000E+00,0.000000E+00,0.000000E+00,0.000000E+00,0.000000E+00,1.864093E+01,9.245016E+01,0.000000E+00,0.000000E+00,0.000000E+00,0.000000E+00,0.000000E+00,0.000000E+00,0.000000E+00,0.000000E+00,0.000000E+00,0.000000E+00,0.000000E+00,0.000000E+00,0.000000E+00,0.000000E+00,1.866933E+01,9.013009E+01,0.000000E+00,0.000000E+00,0.000000E+00,0.000000E+00,0.000000E+00,0.000000E+00,0.000000E+00,0.000000E+00,0.000000E+00,0.000000E+00,0.000000E+00,0.000000E+00,0.000000E+00,0.000000E+00,1.862172E+01,8.971990E+01,0.000000E+00,1.752813E+02,0.000000E+00,5.734079E-02,0.000000E+00,0.000000E+00,0.000000E+00,0.000000E+00,0.000000E+00,0.000000E+00,0.000000E+00,0.000000E+00,0.000000E+00,0.000000E+00,1.799774E+01,8.924042E+01,0.000000E+00,0.000000E+00,0.000000E+00,0.000000E+00,0.000000E+00,0.000000E+00,0.000000E+00,0.000000E+00,0.000000E+00,0.000000E+00,0.000000E+00,0.000000E+00,0.000000E+00,0.000000E+00,1.831106E+01,9.104968E+01,6.481018E+01,0.000000E+00,3.026699E-03,0.000000E+00,0.000000E+00,0.000000E+00,0.000000E+00,0.000000E+00,0.000000E+00,0.000000E+00,0.000000E+00,0.000000E+00,1.900109E+01,8.712286E+01,1.900109E+01,8.712286E+01,0.000000E+00,0.000000E+00,0.000000E+00,0.000000E+00,0.000000E+00,0.000000E+00,0.000000E+00,0.000000E+00,0.000000E+00,0.000000E+00,0.000000E+00,0.000000E+00,0.000000E+00,0.000000E+00,1.869161E+01,9.033134E+01
03:00:00,0.000000E+00,0.000000E+00,0.000000E+00,0.000000E+00,0.000000E+00,0.000000E+00,0.000000E+00,0.000000E+00,0.000000E+00,0.000000E+00,0.000000E+00,0.000000E+00,0.000000E+00,0.000000E+00,1.873617E+01,9.192624E+01,0.000000E+00,0.000000E+00,0.000000E+00,0.000000E+00,0.000000E+00,0.000000E+00,0.000000E+00,0.000000E+00,0.000000E+00,0.000000E+00,0.000000E+00,0.000000E+00,0.000000E+00,0.000000E+00,1.864080E+01,9.239057E+01,0.000000E+00,0.000000E+00,0.000000E+00,0.000000E+00,0.000000E+00,0.000000E+00,0.000000E+00,0.000000E+00,0.000000E+00,0.000000E+00,0.000000E+00,0.000000E+00,0.000000E+00,0.000000E+00,1.866926E+01,9.007701E+01,0.000000E+00,0.000000E+00,0.000000E+00,0.000000E+00,0.000000E+00,0.000000E+00,0.000000E+00,0.000000E+00,0.000000E+00,0.000000E+00,0.000000E+00,0.000000E+00,0.000000E+00,0.000000E+00,1.862167E+01,8.966774E+01,0.000000E+00,1.752582E+02,0.000000E+00,5.733315E-02,0.000000E+00,0.000000E+00,0.000000E+00,0.000000E+00,0.000000E+00,0.000000E+00,0.000000E+00,0.000000E+00,0.000000E+00,0.000000E+00,1.799775E+01,8.919273E+01,0.000000E+00,0.000000E+00,0.000000E+00,0.000000E+00,0.000000E+00,0.000000E+00,0.000000E+00,0.000000E+00,0.000000E+00,0.000000E+00,0.000000E+00,0.000000E+00,0.000000E+00,0.000000E+00,1.831099E+01,9.099583E+01,6.481804E+01,0.000000E+00,3.027065E-03,0.000000E+00,0.000000E+00,0.000000E+00,0.000000E+00,0.000000E+00,0.000000E+00,0.000000E+00,0.000000E+00,0.000000E+00,1.900109E+01,8.707196E+01,1.900109E+01,8.707196E+01,0.000000E+00,0.000000E+00,0.000000E+00,0.000000E+00,0.000000E+00,0.000000E+00,0.000000E+00,0.000000E+00,0.000000E+00,0.000000E+00,0.000000E+00,0.000000E+00,0.000000E+00,0.000000E+00,1.869154E+01,9.027558E+01
04:00:00,0.000000E+00,0.000000E+00,0.000000E+00,0.000000E+00,0.000000E+00,0.000000E+00,0.000000E+00,0.000000E+00,0.000000E+00,0.000000E+00,0.000000E+00,0.000000E+00,0.000000E+00,0.000000E+00,1.873606E+01,9.186696E+01,0.000000E+00,0.000000E+00,0.000000E+00,0.000000E+00,0.000000E+00,0.000000E+00,0.000000E+00,0.000000E+00,0.000000E+00,0.000000E+00,0.000000E+00,0.000000E+00,0.000000E+00,0.000000E+00,1.864069E+01,9.233108E+01,0.000000E+00,0.000000E+00,0.000000E+00,0.000000E+00,0.000000E+00,0.000000E+00,0.000000E+00,0.000000E+00,0.000000E+00,0.000000E+00,0.000000E+00,0.000000E+00,0.000000E+00,0.000000E+00,1.866920E+01,9.002392E+01,0.000000E+00,0.000000E+00,0.000000E+00,0.000000E+00,0.000000E+00,0.000000E+00,0.000000E+00,0.000000E+00,0.000000E+00,0.000000E+00,0.000000E+00,0.000000E+00,0.000000E+00,0.000000E+00,1.862162E+01,8.961559E+01,0.000000E+00,1.752363E+02,0.000000E+00,5.732592E-02,0.000000E+00,0.000000E+00,0.000000E+00,0.000000E+00,0.000000E+00,0.000000E+00,0.000000E+00,0.000000E+00,0.000000E+00,0.000000E+00,1.799775E+01,8.914506E+01,0.000000E+00,0.000000E+00,0.000000E+00,0.000000E+00,0.000000E+00,0.000000E+00,0.000000E+00,0.000000E+00,0.000000E+00,0.000000E+00,0.000000E+00,0.000000E+00,0.000000E+00,0.000000E+00,1.831093E+01,9.094204E+01,6.482547E+01,0.000000E+00,3.027412E-03,0.000000E+00,0.000000E+00,0.000000E+00,0.000000E+00,0.000000E+00,0.000000E+00,0.000000E+00,0.000000E+00,0.000000E+00,1.900109E+01,8.702110E+01,1.900109E+01,8.702110E+01,0.000000E+00,0.000000E+00,0.000000E+00,0.000000E+00,0.000000E+00,0.000000E+00,0.000000E+00,0.000000E+00,0.000000E+00,0.000000E+00,0.000000E+00,0.000000E+00,0.000000E+00,0.000000E+00,1.869148E+01,9.021992E+01
05:00:00,0.000000E+00,0.000000E+00,0.000000E+00,0.000000E+00,0.000000E+00,0.000000E+00,0.000000E+00,0.000000E+00,0.000000E+00,0.000000E+00,0.000000E+00,0.000000E+00,0.000000E+00,0.000000E+00,1.873596E+01,9.180779E+01,0.000000E+00,0.000000E+00,0.000000E+00,0.000000E+00,0.000000E+00,0.000000E+00,0.000000E+00,0.000000E+00,0.000000E+00,0.000000E+00,0.000000E+00,0.000000E+00,0.000000E+00,0.000000E+00,1.864058E+01,9.227170E+01,0.000000E+00,0.000000E+00,0.000000E+00,0.000000E+00,0.000000E+00,0.000000E+00,0.000000E+00,0.000000E+00,0.000000E+00,0.000000E+00,0.000000E+00,0.000000E+00,0.000000E+00,0.000000E+00,1.866915E+01,8.997083E+01,0.000000E+00,0.000000E+00,0.000000E+00,0.000000E+00,0.000000E+00,0.000000E+00,0.000000E+00,0.000000E+00,0.000000E+00,0.000000E+00,0.000000E+00,0.000000E+00,0.000000E+00,0.000000E+00,1.862158E+01,8.956344E+01,0.000000E+00,1.752157E+02,0.000000E+00,5.731909E-02,0.000000E+00,0.000000E+00,0.000000E+00,0.000000E+00,0.000000E+00,0.000000E+00,0.000000E+00,0.000000E+00,0.000000E+00,0.000000E+00,1.799776E+01,8.909741E+01,0.000000E+00,0.000000E+00,0.000000E+00,0.000000E+00,0.000000E+00,0.000000E+00,0.000000E+00,0.000000E+00,0.000000E+00,0.000000E+00,0.000000E+00,0.000000E+00,0.000000E+00,0.000000E+00,1.831087E+01,9.088831E+01,6.483251E+01,0.000000E+00,3.027741E-03,0.000000E+00,0.000000E+00,0.000000E+00,0.000000E+00,0.000000E+00,0.000000E+00,0.000000E+00,0.000000E+00,0.000000E+00,1.900109E+01,8.697029E+01,1.900109E+01,8.697029E+01,0.000000E+00,0.000000E+00,0.000000E+00,0.000000E+00,0.000000E+00,0.000000E+00,0.000000E+00,0.000000E+00,0.000000E+00,0.000000E+00,0.000000E+00,0.000000E+00,0.000000E+00,0.000000E+00,1.869142E+01,9.016435E+01
06:00:00,0.000000E+00,0.000000E+00,0.000000E+00,0.000000E+00,0.000000E+00,0.000000E+00,0.000000E+00,0.000000E+00,0.000000E+00,0.000000E+00,0.000000E+00,0.000000E+00,0.000000E+00,0.000000E+00,1.873587E+01,9.174873E+01,0.000000E+00,0.000000E+00,0.000000E+00,0.000000E+00,0.000000E+00,0.000000E+00,0.000000E+00,0.000000E+00,0.000000E+00,0.000000E+00,0.000000E+00,0.000000E+00,0.000000E+00,0.000000E+00,1.864048E+01,9.221242E+01,0.000000E+00,0.000000E+00,0.000000E+00,0.000000E+00,0.000000E+00,0.000000E+00,0.000000E+00,0.000000E+00,0.000000E+00,0.000000E+00,0.000000E+00,0.000000E+00,0.000000E+00,0.000000E+00,1.866909E+01,8.991774E+01,0.000000E+00,0.000000E+00,0.000000E+00,0.000000E+00,0.000000E+00,0.000000E+00,0.000000E+00,0.000000E+00,0.000000E+00,0.000000E+00,0.000000E+00,0.000000E+00,0.000000E+00,0.000000E+00,1.862154E+01,8.951130E+01,0.000000E+00,1.751962E+02,0.000000E+00,5.731262E-02,0.000000E+00,0.000000E+00,0.000000E+00,0.000000E+00,0.000000E+00,0.000000E+00,0.000000E+00,0.000000E+00,0.000000E+00,0.000000E+00,1.799776E+01,8.904979E+01,0.000000E+00,0.000000E+00,0.000000E+00,0.000000E+00,0.000000E+00,0.000000E+00,0.000000E+00,0.000000E+00,0.000000E+00,0.000000E+00,0.000000E+00,0.000000E+00,0.000000E+00,0.000000E+00,1.831082E+01,9.083465E+01,6.483917E+01,0.000000E+00,3.028051E-03,0.000000E+00,0.000000E+00,0.000000E+00,0.000000E+00,0.000000E+00,0.000000E+00,0.000000E+00,0.000000E+00,0.000000E+00,1.900109E+01,8.691952E+01,1.900109E+01,8.691952E+01,0.000000E+00,0.000000E+00,0.000000E+00,0.000000E+00,0.000000E+00,0.000000E+00,0.000000E+00,0.000000E+00,0.000000E+00,0.000000E+00,0.000000E+00,0.000000E+00,0.000000E+00,0.000000E+00,1.869137E+01,9.010888E+01
07:00:00,0.000000E+00,0.000000E+00,0.000000E+00,0.000000E+00,0.000000E+00,0.000000E+00,0.000000E+00,0.000000E+00,0.000000E+00,0.000000E+00,0.000000E+00,0.000000E+00,0.000000E+00,0.000000E+00,1.873578E+01,9.168976E+01,0.000000E+00,0.000000E+00,0.000000E+00,0.000000E+00,0.000000E+00,0.000000E+00,0.000000E+00,0.000000E+00,0.000000E+00,0.000000E+00,0.000000E+00,0.000000E+00,0.000000E+00,0.000000E+00,1.864038E+01,9.215325E+01,0.000000E+00,0.000000E+00,0.000000E+00,0.000000E+00,0.000000E+00,0.000000E+00,0.000000E+00,0.000000E+00,0.000000E+00,0.000000E+00,0.000000E+00,0.000000E+00,0.000000E+00,0.000000E+00,1.866904E+01,8.986465E+01,0.000000E+00,0.000000E+00,0.000000E+00,0.000000E+00,0.000000E+00,0.000000E+00,0.000000E+00,0.000000E+00,0.000000E+00,0.000000E+00,0.000000E+00,0.000000E+00,0.000000E+00,0.000000E+00,1.862150E+01,8.945916E+01,0.000000E+00,1.751777E+02,0.000000E+00,5.730651E-02,0.000000E+00,0.000000E+00,0.000000E+00,0.000000E+00,0.000000E+00,0.000000E+00,0.000000E+00,0.000000E+00,0.000000E+00,0.000000E+00,1.799777E+01,8.900219E+01,0.000000E+00,0.000000E+00,0.000000E+00,0.000000E+00,0.000000E+00,0.000000E+00,0.000000E+00,0.000000E+00,0.000000E+00,0.000000E+00,0.000000E+00,0.000000E+00,0.000000E+00,0.000000E+00,1.831077E+01,9.078105E+01,6.484547E+01,0.000000E+00,3.028345E-03,0.000000E+00,0.000000E+00,0.000000E+00,0.000000E+00,0.000000E+00,0.000000E+00,0.000000E+00,0.000000E+00,0.000000E+00,1.900109E+01,8.686881E+01,1.900109E+01,8.686881E+01,0.000000E+00,0.000000E+00,0.000000E+00,0.000000E+00,0.000000E+00,0.000000E+00,0.000000E+00,0.000000E+00,0.000000E+00,0.000000E+00,0.000000E+00,0.000000E+00,0.000000E+00,0.000000E+00,1.869131E+01,9.005350E+01
08:00:00,0.000000E+00,0.000000E+00,0.000000E+00,0.000000E+00,0.000000E+00,0.000000E+00,0.000000E+00,0.000000E+00,0.000000E+00,0.000000E+00,0.000000E+00,0.000000E+00,0.000000E+00,0.000000E+00,1.873569E+01,9.163091E+01,0.000000E+00,0.000000E+00,0.000000E+00,0.000000E+00,0.000000E+00,0.000000E+00,0.000000E+00,0.000000E+00,0.000000E+00,0.000000E+00,0.000000E+00,0.000000E+00,0.000000E+00,0.000000E+00,1.864029E+01,9.209418E+01,0.000000E+00,0.000000E+00,0.000000E+00,0.000000E+00,0.000000E+00,0.000000E+00,0.000000E+00,0.000000E+00,0.000000E+00,0.000000E+00,0.000000E+00,0.000000E+00,0.000000E+00,0.000000E+00,1.866900E+01,8.981158E+01,0.000000E+00,0.000000E+00,0.000000E+00,0.000000E+00,0.000000E+00,0.000000E+00,0.000000E+00,0.000000E+00,0.000000E+00,0.000000E+00,0.000000E+00,0.000000E+00,0.000000E+00,0.000000E+00,1.862146E+01,8.940704E+01,0.000000E+00,1.751603E+02,0.000000E+00,5.730073E-02,0.000000E+00,0.000000E+00,0.000000E+00,0.000000E+00,0.000000E+00,0.000000E+00,0.000000E+00,0.000000E+00,0.000000E+00,0.000000E+00,1.799777E+01,8.895463E+01,0.000000E+00,0.000000E+00,0.000000E+00,0.000000E+00,0.000000E+00,0.000000E+00,0.000000E+00,0.000000E+00,0.000000E+00,0.000000E+00,0.000000E+00,0.000000E+00,0.000000E+00,0.000000E+00,1.831072E+01,9.072751E+01,6.485143E+01,0.000000E+00,3.028624E-03,0.000000E+00,0.000000E+00,0.000000E+00,0.000000E+00,0.000000E+00,0.000000E+00,0.000000E+00,0.000000E+00,0.000000E+00,1.900108E+01,8.681813E+01,1.900108E+01,8.681813E+01,0.000000E+00,0.000000E+00,0.000000E+00,0.000000E+00,0.000000E+00,0.000000E+00,0.000000E+00,0.000000E+00,0.000000E+00,0.000000E+00,0.000000E+00,0.000000E+00,0.000000E+00,0.000000E+00,1.869126E+01,8.999821E+01
09:00:00,0.000000E+00,0.000000E+00,0.000000E+00,0.000000E+00,0.000000E+00,0.000000E+00,0.000000E+00,0.000000E+00,0.000000E+00,0.000000E+00,0.000000E+00,0.000000E+00,0.000000E+00,0.000000E+00,1.873561E+01,9.157216E+01,0.000000E+00,0.000000E+00,0.000000E+00,0.000000E+00,0.000000E+00,0.000000E+00,0.000000E+00,0.000000E+00,0.000000E+00,0.000000E+00,0.000000E+00,0.000000E+00,0.000000E+00,0.000000E+00,1.864020E+01,9.203522E+01,0.000000E+00,0.000000E+00,0.000000E+00,0.000000E+00,0.000000E+00,0.000000E+00,0.000000E+00,0.000000E+00,0.000000E+00,0.000000E+00,0.000000E+00,0.000000E+00,0.000000E+00,0.000000E+00,1.866895E+01,8.975853E+01,0.000000E+00,0.000000E+00,0.000000E+00,0.000000E+00,0.000000E+00,0.000000E+00,0.000000E+00,0.000000E+00,0.000000E+00,0.000000E+00,0.000000E+00,0.000000E+00,0.000000E+00,0.000000E+00,1.862143E+01,8.935494E+01,0.000000E+00,1.751438E+02,0.000000E+00,5.729526E-02,0.000000E+00,0.000000E+00,0.000000E+00,0.000000E+00,0.000000E+00,0.000000E+00,0.000000E+00,0.000000E+00,0.000000E+00,0.000000E+00,1.799777E+01,8.890710E+01,0.000000E+00,0.000000E+00,0.000000E+00,0.000000E+00,0.000000E+00,0.000000E+00,0.000000E+00,0.000000E+00,0.000000E+00,0.000000E+00,0.000000E+00,0.000000E+00,0.000000E+00,0.000000E+00,1.831067E+01,9.067404E+01,6.485708E+01,0.000000E+00,3.028887E-03,0.000000E+00,0.000000E+00,0.000000E+00,0.000000E+00,0.000000E+00,0.000000E+00,0.000000E+00,0.000000E+00,0.000000E+00,1.900108E+01,8.676751E+01,1.900108E+01,8.676751E+01,0.000000E+00,0.000000E+00,0.000000E+00,0.000000E+00,0.000000E+00,0.000000E+00,0.000000E+00,0.000000E+00,0.000000E+00,0.000000E+00,0.000000E+00,0.000000E+00,0.000000E+00,0.000000E+00,1.869122E+01,8.994301E+01
10:00:00,0.000000E+00,0.000000E+00,0.000000E+00,0.000000E+00,0.000000E+00,0.000000E+00,0.000000E+00,0.000000E+00,0.000000E+00,0.000000E+00,0.000000E+00,0.000000E+00,0.000000E+00,0.000000E+00,1.873554E+01,9.151353E+01,0.000000E+00,0.000000E+00,0.000000E+00,0.000000E+00,0.000000E+00,0.000000E+00,0.000000E+00,0.000000E+00,0.000000E+00,0.000000E+00,0.000000E+00,0.000000E+00,0.000000E+00,0.000000E+00,1.864012E+01,9.197637E+01,0.000000E+00,0.000000E+00,0.000000E+00,0.000000E+00,0.000000E+00,0.000000E+00,0.000000E+00,0.000000E+00,0.000000E+00,0.000000E+00,0.000000E+00,0.000000E+00,0.000000E+00,0.000000E+00,1.866891E+01,8.970549E+01,0.000000E+00,0.000000E+00,0.000000E+00,0.000000E+00,0.000000E+00,0.000000E+00,0.000000E+00,0.000000E+00,0.000000E+00,0.000000E+00,0.000000E+00,0.000000E+00,0.000000E+00,0.000000E+00,1.862139E+01,8.930286E+01,0.000000E+00,1.751283E+02,0.000000E+00,5.729009E-02,0.000000E+00,0.000000E+00,0.000000E+00,0.000000E+00,0.000000E+00,0.000000E+00,0.000000E+00,0.000000E+00,0.000000E+00,0.000000E+00,1.799778E+01,8.885960E+01,0.000000E+00,0.000000E+00,0.000000E+00,0.000000E+00,0.000000E+00,0.000000E+00,0.000000E+00,0.000000E+00,0.000000E+00,0.000000E+00,0.000000E+00,0.000000E+00,0.000000E+00,0.000000E+00,1.831063E+01,9.062064E+01,6.486242E+01,0.000000E+00,3.029137E-03,0.000000E+00,0.000000E+00,0.000000E+00,0.000000E+00,0.000000E+00,0.000000E+00,0.000000E+00,0.000000E+00,0.000000E+00,1.900108E+01,8.671694E+01,1.900108E+01,8.671694E+01,0.000000E+00,0.000000E+00,0.000000E+00,0.000000E+00,0.000000E+00,0.000000E+00,0.000000E+00,0.000000E+00,0.000000E+00,0.000000E+00,0.000000E+00,0.000000E+00,0.000000E+00,0.000000E+00,1.869117E+01,8.988791E+01
11:00:00,0.000000E+00,0.000000E+00,0.000000E+00,0.000000E+00,0.000000E+00,0.000000E+00,0.000000E+00,0.000000E+00,0.000000E+00,0.000000E+00,0.000000E+00,0.000000E+00,0.000000E+00,0.000000E+00,1.873547E+01,9.145499E+01,0.000000E+00,0.000000E+00,0.000000E+00,0.000000E+00,0.000000E+00,0.000000E+00,0.000000E+00,0.000000E+00,0.000000E+00,0.000000E+00,0.000000E+00,0.000000E+00,0.000000E+00,0.000000E+00,1.864004E+01,9.191763E+01,0.000000E+00,0.000000E+00,0.000000E+00,0.000000E+00,0.000000E+00,0.000000E+00,0.000000E+00,0.000000E+00,0.000000E+00,0.000000E+00,0.000000E+00,0.000000E+00,0.000000E+00,0.000000E+00,1.866887E+01,8.965247E+01,0.000000E+00,0.000000E+00,0.000000E+00,0.000000E+00,0.000000E+00,0.000000E+00,0.000000E+00,0.000000E+00,0.000000E+00,0.000000E+00,0.000000E+00,0.000000E+00,0.000000E+00,0.000000E+00,1.862136E+01,8.925080E+01,0.000000E+00,1.751136E+02,0.000000E+00,5.728520E-02,0.000000E+00,0.000000E+00,0.000000E+00,0.000000E+00,0.000000E+00,0.000000E+00,0.000000E+00,0.000000E+00,0.000000E+00,0.000000E+00,1.799778E+01,8.881214E+01,0.000000E+00,0.000000E+00,0.000000E+00,0.000000E+00,0.000000E+00,0.000000E+00,0.000000E+00,0.000000E+00,0.000000E+00,0.000000E+00,0.000000E+00,0.000000E+00,0.000000E+00,0.000000E+00,1.831058E+01,9.056730E+01,6.486748E+01,0.000000E+00,3.029372E-03,0.000000E+00,0.000000E+00,0.000000E+00,0.000000E+00,0.000000E+00,0.000000E+00,0.000000E+00,0.000000E+00,0.000000E+00,1.900108E+01,8.666643E+01,1.900108E+01,8.666643E+01,0.000000E+00,0.000000E+00,0.000000E+00,0.000000E+00,0.000000E+00,0.000000E+00,0.000000E+00,0.000000E+00,0.000000E+00,0.000000E+00,0.000000E+00,0.000000E+00,0.000000E+00,0.000000E+00,1.869113E+01,8.983291E+01
12:00:00,0.000000E+00,0.000000E+00,0.000000E+00,0.000000E+00,0.000000E+00,0.000000E+00,0.000000E+00,0.000000E+00,0.000000E+00,0.000000E+00,0.000000E+00,0.000000E+00,0.000000E+00,0.000000E+00,1.873540E+01,9.139656E+01,0.000000E+00,0.000000E+00,0.000000E+00,0.000000E+00,0.000000E+00,0.000000E+00,0.000000E+00,0.000000E+00,0.000000E+00,0.000000E+00,0.000000E+00,0.000000E+00,0.000000E+00,0.000000E+00,1.863996E+01,9.185900E+01,0.000000E+00,0.000000E+00,0.000000E+00,0.000000E+00,0.000000E+00,0.000000E+00,0.000000E+00,0.000000E+00,0.000000E+00,0.000000E+00,0.000000E+00,0.000000E+00,0.000000E+00,0.000000E+00,1.866883E+01,8.959947E+01,0.000000E+00,0.000000E+00,0.000000E+00,0.000000E+00,0.000000E+00,0.000000E+00,0.000000E+00,0.000000E+00,0.000000E+00,0.000000E+00,0.000000E+00,0.000000E+00,0.000000E+00,0.000000E+00,1.862133E+01,8.919877E+01,0.000000E+00,1.750997E+02,0.000000E+00,5.728058E-02,0.000000E+00,0.000000E+00,0.000000E+00,0.000000E+00,0.000000E+00,0.000000E+00,0.000000E+00,0.000000E+00,0.000000E+00,0.000000E+00,1.799779E+01,8.876472E+01,0.000000E+00,0.000000E+00,0.000000E+00,0.000000E+00,0.000000E+00,0.000000E+00,0.000000E+00,0.000000E+00,0.000000E+00,0.000000E+00,0.000000E+00,0.000000E+00,0.000000E+00,0.000000E+00,1.831055E+01,9.051404E+01,6.487227E+01,0.000000E+00,3.029596E-03,0.000000E+00,0.000000E+00,0.000000E+00,0.000000E+00,0.000000E+00,0.000000E+00,0.000000E+00,0.000000E+00,0.000000E+00,1.900108E+01,8.661597E+01,1.900108E+01,8.661597E+01,0.000000E+00,0.000000E+00,0.000000E+00,0.000000E+00,0.000000E+00,0.000000E+00,0.000000E+00,0.000000E+00,0.000000E+00,0.000000E+00,0.000000E+00,0.000000E+00,0.000000E+00,0.000000E+00,1.869109E+01,8.977799E+01
13:00:00,0.000000E+00,0.000000E+00,0.000000E+00,0.000000E+00,0.000000E+00,0.000000E+00,0.000000E+00,0.000000E+00,0.000000E+00,0.000000E+00,0.000000E+00,0.000000E+00,0.000000E+00,0.000000E+00,1.873533E+01,9.133824E+01,0.000000E+00,0.000000E+00,0.000000E+00,0.000000E+00,0.000000E+00,0.000000E+00,0.000000E+00,0.000000E+00,0.000000E+00,0.000000E+00,0.000000E+00,0.000000E+00,0.000000E+00,0.000000E+00,1.863989E+01,9.180047E+01,0.000000E+00,0.000000E+00,0.000000E+00,0.000000E+00,0.000000E+00,0.000000E+00,0.000000E+00,0.000000E+00,0.000000E+00,0.000000E+00,0.000000E+00,0.000000E+00,0.000000E+00,0.000000E+00,1.866880E+01,8.954651E+01,0.000000E+00,0.000000E+00,0.000000E+00,0.000000E+00,0.000000E+00,0.000000E+00,0.000000E+00,0.000000E+00,0.000000E+00,0.000000E+00,0.000000E+00,0.000000E+00,0.000000E+00,0.000000E+00,1.862130E+01,8.914677E+01,0.000000E+00,1.750866E+02,0.000000E+00,5.727621E-02,0.000000E+00,0.000000E+00,0.000000E+00,0.000000E+00,0.000000E+00,0.000000E+00,0.000000E+00,0.000000E+00,0.000000E+00,0.000000E+00,1.799779E+01,8.871735E+01,0.000000E+00,0.000000E+00,0.000000E+00,0.000000E+00,0.000000E+00,0.000000E+00,0.000000E+00,0.000000E+00,0.000000E+00,0.000000E+00,0.000000E+00,0.000000E+00,0.000000E+00,0.000000E+00,1.831051E+01,9.046086E+01,6.487680E+01,0.000000E+00,3.029807E-03,0.000000E+00,0.000000E+00,0.000000E+00,0.000000E+00,0.000000E+00,0.000000E+00,0.000000E+00,0.000000E+00,0.000000E+00,1.900107E+01,8.656557E+01,1.900107E+01,8.656557E+01,0.000000E+00,0.000000E+00,0.000000E+00,0.000000E+00,0.000000E+00,0.000000E+00,0.000000E+00,0.000000E+00,0.000000E+00,0.000000E+00,0.000000E+00,0.000000E+00,0.000000E+00,0.000000E+00,1.869105E+01,8.972317E+01
14:00:00,0.000000E+00,0.000000E+00,0.000000E+00,0.000000E+00,0.000000E+00,0.000000E+00,0.000000E+00,0.000000E+00,0.000000E+00,0.000000E+00,0.000000E+00,0.000000E+00,0.000000E+00,0.000000E+00,1.873527E+01,9.128003E+01,0.000000E+00,0.000000E+00,0.000000E+00,0.000000E+00,0.000000E+00,0.000000E+00,0.000000E+00,0.000000E+00,0.000000E+00,0.000000E+00,0.000000E+00,0.000000E+00,0.000000E+00,0.000000E+00,1.863983E+01,9.174205E+01,0.000000E+00,0.000000E+00,0.000000E+00,0.000000E+00,0.000000E+00,0.000000E+00,0.000000E+00,0.000000E+00,0.000000E+00,0.000000E+00,0.000000E+00,0.000000E+00,0.000000E+00,0.000000E+00,1.866876E+01,8.949357E+01,0.000000E+00,0.000000E+00,0.000000E+00,0.000000E+00,0.000000E+00,0.000000E+00,0.000000E+00,0.000000E+00,0.000000E+00,0.000000E+00,0.000000E+00,0.000000E+00,0.000000E+00,0.000000E+00,1.862128E+01,8.909480E+01,0.000000E+00,1.750742E+02,0.000000E+00,5.727208E-02,0.000000E+00,0.000000E+00,0.000000E+00,0.000000E+00,0.000000E+00,0.000000E+00,0.000000E+00,0.000000E+00,0.000000E+00,0.000000E+00,1.799779E+01,8.867002E+01,0.000000E+00,0.000000E+00,0.000000E+00,0.000000E+00,0.000000E+00,0.000000E+00,0.000000E+00,0.000000E+00,0.000000E+00,0.000000E+00,0.000000E+00,0.000000E+00,0.000000E+00,0.000000E+00,1.831047E+01,9.040774E+01,6.488109E+01,0.000000E+00,3.030007E-03,0.000000E+00,0.000000E+00,0.000000E+00,0.000000E+00,0.000000E+00,0.000000E+00,0.000000E+00,0.000000E+00,0.000000E+00,1.900107E+01,8.651522E+01,1.900107E+01,8.651522E+01,0.000000E+00,0.000000E+00,0.000000E+00,0.000000E+00,0.000000E+00,0.000000E+00,0.000000E+00,0.000000E+00,0.000000E+00,0.000000E+00,0.000000E+00,0.000000E+00,0.000000E+00,0.000000E+00,1.869102E+01,8.966845E+01
15:00:00,0.000000E+00,0.000000E+00,0.000000E+00,0.000000E+00,0.000000E+00,0.000000E+00,0.000000E+00,0.000000E+00,0.000000E+00,0.000000E+00,0.000000E+00,0.000000E+00,0.000000E+00,0.000000E+00,1.873522E+01,9.122192E+01,0.000000E+00,0.000000E+00,0.000000E+00,0.000000E+00,0.000000E+00,0.000000E+00,0.000000E+00,0.000000E+00,0.000000E+00,0.000000E+00,0.000000E+00,0.000000E+00,0.000000E+00,0.000000E+00,1.863976E+01,9.168374E+01,0.000000E+00,0.000000E+00,0.000000E+00,0.000000E+00,0.000000E+00,0.000000E+00,0.000000E+00,0.000000E+00,0.000000E+00,0.000000E+00,0.000000E+00,0.000000E+00,0.000000E+00,0.000000E+00,1.866873E+01,8.944066E+01,0.000000E+00,0.000000E+00,0.000000E+00,0.000000E+00,0.000000E+00,0.000000E+00,0.000000E+00,0.000000E+00,0.000000E+00,0.000000E+00,0.000000E+00,0.000000E+00,0.000000E+00,0.000000E+00,1.862125E+01,8.904287E+01,0.000000E+00,1.750625E+02,0.000000E+00,5.726818E-02,0.000000E+00,0.000000E+00,0.000000E+00,0.000000E+00,0.000000E+00,0.000000E+00,0.000000E+00,0.000000E+00,0.000000E+00,0.000000E+00,1.799780E+01,8.862273E+01,0.000000E+00,0.000000E+00,0.000000E+00,0.000000E+00,0.000000E+00,0.000000E+00,0.000000E+00,0.000000E+00,0.000000E+00,0.000000E+00,0.000000E+00,0.000000E+00,0.000000E+00,0.000000E+00,1.831044E+01,9.035470E+01,6.488515E+01,0.000000E+00,3.030196E-03,0.000000E+00,0.000000E+00,0.000000E+00,0.000000E+00,0.000000E+00,0.000000E+00,0.000000E+00,0.000000E+00,0.000000E+00,1.900107E+01,8.646494E+01,1.900107E+01,8.646494E+01,0.000000E+00,0.000000E+00,0.000000E+00,0.000000E+00,0.000000E+00,0.000000E+00,0.000000E+00,0.000000E+00,0.000000E+00,0.000000E+00,0.000000E+00,0.000000E+00,0.000000E+00,0.000000E+00,1.869098E+01,8.961382E+01
16:00:00,0.000000E+00,0.000000E+00,0.000000E+00,0.000000E+00,0.000000E+00,0.000000E+00,0.000000E+00,0.000000E+00,0.000000E+00,0.000000E+00,0.000000E+00,0.000000E+00,0.000000E+00,0.000000E+00,1.873516E+01,9.116392E+01,0.000000E+00,0.000000E+00,0.000000E+00,0.000000E+00,0.000000E+00,0.000000E+00,0.000000E+00,0.000000E+00,0.000000E+00,0.000000E+00,0.000000E+00,0.000000E+00,0.000000E+00,0.000000E+00,1.863970E+01,9.162554E+01,0.000000E+00,0.000000E+00,0.000000E+00,0.000000E+00,0.000000E+00,0.000000E+00,0.000000E+00,0.000000E+00,0.000000E+00,0.000000E+00,0.000000E+00,0.000000E+00,0.000000E+00,0.000000E+00,1.866870E+01,8.938780E+01,0.000000E+00,0.000000E+00,0.000000E+00,0.000000E+00,0.000000E+00,0.000000E+00,0.000000E+00,0.000000E+00,0.000000E+00,0.000000E+00,0.000000E+00,0.000000E+00,0.000000E+00,0.000000E+00,1.862123E+01,8.899097E+01,0.000000E+00,1.750515E+02,0.000000E+00,5.726449E-02,0.000000E+00,0.000000E+00,0.000000E+00,0.000000E+00,0.000000E+00,0.000000E+00,0.000000E+00,0.000000E+00,0.000000E+00,0.000000E+00,1.799780E+01,8.857550E+01,0.000000E+00,0.000000E+00,0.000000E+00,0.000000E+00,0.000000E+00,0.000000E+00,0.000000E+00,0.000000E+00,0.000000E+00,0.000000E+00,0.000000E+00,0.000000E+00,0.000000E+00,0.000000E+00,1.831041E+01,9.030173E+01,6.488899E+01,0.000000E+00,3.030376E-03,0.000000E+00,0.000000E+00,0.000000E+00,0.000000E+00,0.000000E+00,0.000000E+00,0.000000E+00,0.000000E+00,0.000000E+00,1.900107E+01,8.641471E+01,1.900107E+01,8.641471E+01,0.000000E+00,0.000000E+00,0.000000E+00,0.000000E+00,0.000000E+00,0.000000E+00,0.000000E+00,0.000000E+00,0.000000E+00,0.000000E+00,0.000000E+00,0.000000E+00,0.000000E+00,0.000000E+00,1.869095E+01,8.955928E+01
17:00:00,0.000000E+00,0.000000E+00,0.000000E+00,0.000000E+00,0.000000E+00,0.000000E+00,0.000000E+00,0.000000E+00,0.000000E+00,0.000000E+00,0.000000E+00,0.000000E+00,0.000000E+00,0.000000E+00,1.873511E+01,9.110603E+01,0.000000E+00,0.000000E+00,0.000000E+00,0.000000E+00,0.000000E+00,0.000000E+00,0.000000E+00,0.000000E+00,0.000000E+00,0.000000E+00,0.000000E+00,0.000000E+00,0.000000E+00,0.000000E+00,1.863965E+01,9.156744E+01,0.000000E+00,0.000000E+00,0.000000E+00,0.000000E+00,0.000000E+00,0.000000E+00,0.000000E+00,0.000000E+00,0.000000E+00,0.000000E+00,0.000000E+00,0.000000E+00,0.000000E+00,0.000000E+00,1.866867E+01,8.933497E+01,0.000000E+00,0.000000E+00,0.000000E+00,0.000000E+00,0.000000E+00,0.000000E+00,0.000000E+00,0.000000E+00,0.000000E+00,0.000000E+00,0.000000E+00,0.000000E+00,0.000000E+00,0.000000E+00,1.862121E+01,8.893911E+01,0.000000E+00,1.750411E+02,0.000000E+00,5.726100E-02,0.000000E+00,0.000000E+00,0.000000E+00,0.000000E+00,0.000000E+00,0.000000E+00,0.000000E+00,0.000000E+00,0.000000E+00,0.000000E+00,1.799781E+01,8.852831E+01,0.000000E+00,0.000000E+00,0.000000E+00,0.000000E+00,0.000000E+00,0.000000E+00,0.000000E+00,0.000000E+00,0.000000E+00,0.000000E+00,0.000000E+00,0.000000E+00,0.000000E+00,0.000000E+00,1.831038E+01,9.024884E+01,6.489263E+01,0.000000E+00,3.030545E-03,0.000000E+00,0.000000E+00,0.000000E+00,0.000000E+00,0.000000E+00,0.000000E+00,0.000000E+00,0.000000E+00,0.000000E+00,1.900107E+01,8.636454E+01,1.900107E+01,8.636454E+01,0.000000E+00,0.000000E+00,0.000000E+00,0.000000E+00,0.000000E+00,0.000000E+00,0.000000E+00,0.000000E+00,0.000000E+00,0.000000E+00,0.000000E+00,0.000000E+00,0.000000E+00,0.000000E+00,1.869092E+01,8.950484E+01
18:00:00,0.000000E+00,0.000000E+00,0.000000E+00,0.000000E+00,0.000000E+00,0.000000E+00,0.000000E+00,0.000000E+00,0.000000E+00,0.000000E+00,0.000000E+00,0.000000E+00,0.000000E+00,0.000000E+00,1.873506E+01,9.104825E+01,0.000000E+00,0.000000E+00,0.000000E+00,0.000000E+00,0.000000E+00,0.000000E+00,0.000000E+00,0.000000E+00,0.000000E+00,0.000000E+00,0.000000E+00,0.000000E+00,0.000000E+00,0.000000E+00,1.863959E+01,9.150945E+01,0.000000E+00,0.000000E+00,0.000000E+00,0.000000E+00,0.000000E+00,0.000000E+00,0.000000E+00,0.000000E+00,0.000000E+00,0.000000E+00,0.000000E+00,0.000000E+00,0.000000E+00,0.000000E+00,1.866864E+01,8.928217E+01,0.000000E+00,0.000000E+00,0.000000E+00,0.000000E+00,0.000000E+00,0.000000E+00,0.000000E+00,0.000000E+00,0.000000E+00,0.000000E+00,0.000000E+00,0.000000E+00,0.000000E+00,0.000000E+00,1.862119E+01,8.888730E+01,0.000000E+00,1.750312E+02,0.000000E+00,5.725771E-02,0.000000E+00,0.000000E+00,0.000000E+00,0.000000E+00,0.000000E+00,0.000000E+00,0.000000E+00,0.000000E+00,0.000000E+00,0.000000E+00,1.799781E+01,8.848117E+01,0.000000E+00,0.000000E+00,0.000000E+00,0.000000E+00,0.000000E+00,0.000000E+00,0.000000E+00,0.000000E+00,0.000000E+00,0.000000E+00,0.000000E+00,0.000000E+00,0.000000E+00,0.000000E+00,1.831035E+01,9.019602E+01,6.489607E+01,0.000000E+00,3.030706E-03,0.000000E+00,0.000000E+00,0.000000E+00,0.000000E+00,0.000000E+00,0.000000E+00,0.000000E+00,0.000000E+00,0.000000E+00,1.900106E+01,8.631444E+01,1.900106E+01,8.631444E+01,0.000000E+00,0.000000E+00,0.000000E+00,0.000000E+00,0.000000E+00,0.000000E+00,0.000000E+00,0.000000E+00,0.000000E+00,0.000000E+00,0.000000E+00,0.000000E+00,0.000000E+00,0.000000E+00,1.869089E+01,8.945049E+01
19:00:00,0.000000E+00,0.000000E+00,0.000000E+00,0.000000E+00,0.000000E+00,0.000000E+00,0.000000E+00,0.000000E+00,0.000000E+00,0.000000E+00,0.000000E+00,0.000000E+00,0.000000E+00,0.000000E+00,1.873502E+01,9.099057E+01,0.000000E+00,0.000000E+00,0.000000E+00,0.000000E+00,0.000000E+00,0.000000E+00,0.000000E+00,0.000000E+00,0.000000E+00,0.000000E+00,0.000000E+00,0.000000E+00,0.000000E+00,0.000000E+00,1.863954E+01,9.145157E+01,0.000000E+00,0.000000E+00,0.000000E+00,0.000000E+00,0.000000E+00,0.000000E+00,0.000000E+00,0.000000E+00,0.000000E+00,0.000000E+00,0.000000E+00,0.000000E+00,0.000000E+00,0.000000E+00,1.866862E+01,8.922943E+01,0.000000E+00,0.000000E+00,0.000000E+00,0.000000E+00,0.000000E+00,0.000000E+00,0.000000E+00,0.000000E+00,0.000000E+00,0.000000E+00,0.000000E+00,0.000000E+00,0.000000E+00,0.000000E+00,1.862117E+01,8.883553E+01,0.000000E+00,1.750220E+02,0.000000E+00,5.725460E-02,0.000000E+00,0.000000E+00,0.000000E+00,0.000000E+00,0.000000E+00,0.000000E+00,0.000000E+00,0.000000E+00,0.000000E+00,0.000000E+00,1.799781E+01,8.843409E+01,0.000000E+00,0.000000E+00,0.000000E+00,0.000000E+00,0.000000E+00,0.000000E+00,0.000000E+00,0.000000E+00,0.000000E+00,0.000000E+00,0.000000E+00,0.000000E+00,0.000000E+00,0.000000E+00,1.831033E+01,9.014329E+01,6.489933E+01,0.000000E+00,3.030858E-03,0.000000E+00,0.000000E+00,0.000000E+00,0.000000E+00,0.000000E+00,0.000000E+00,0.000000E+00,0.000000E+00,0.000000E+00,1.900106E+01,8.626440E+01,1.900106E+01,8.626440E+01,0.000000E+00,0.000000E+00,0.000000E+00,0.000000E+00,0.000000E+00,0.000000E+00,0.000000E+00,0.000000E+00,0.000000E+00,0.000000E+00,0.000000E+00,0.000000E+00,0.000000E+00,0.000000E+00,1.869087E+01,8.939623E+01
20:00:00,0.000000E+00,0.000000E+00,0.000000E+00,0.000000E+00,0.000000E+00,0.000000E+00,0.000000E+00,0.000000E+00,0.000000E+00,0.000000E+00,0.000000E+00,0.000000E+00,0.000000E+00,0.000000E+00,1.873497E+01,9.093300E+01,0.000000E+00,0.000000E+00,0.000000E+00,0.000000E+00,0.000000E+00,0.000000E+00,0.000000E+00,0.000000E+00,0.000000E+00,0.000000E+00,0.000000E+00,0.000000E+00,0.000000E+00,0.000000E+00,1.863949E+01,9.139380E+01,0.000000E+00,0.000000E+00,0.000000E+00,0.000000E+00,0.000000E+00,0.000000E+00,0.000000E+00,0.000000E+00,0.000000E+00,0.000000E+00,0.000000E+00,0.000000E+00,0.000000E+00,0.000000E+00,1.866859E+01,8.917673E+01,0.000000E+00,0.000000E+00,0.000000E+00,0.000000E+00,0.000000E+00,0.000000E+00,0.000000E+00,0.000000E+00,0.000000E+00,0.000000E+00,0.000000E+00,0.000000E+00,0.000000E+00,0.000000E+00,1.862115E+01,8.878381E+01,0.000000E+00,1.750132E+02,0.000000E+00,5.725167E-02,0.000000E+00,0.000000E+00,0.000000E+00,0.000000E+00,0.000000E+00,0.000000E+00,0.000000E+00,0.000000E+00,0.000000E+00,0.000000E+00,1.799782E+01,8.838705E+01,0.000000E+00,0.000000E+00,0.000000E+00,0.000000E+00,0.000000E+00,0.000000E+00,0.000000E+00,0.000000E+00,0.000000E+00,0.000000E+00,0.000000E+00,0.000000E+00,0.000000E+00,0.000000E+00,1.831030E+01,9.009064E+01,6.490241E+01,0.000000E+00,3.031001E-03,0.000000E+00,0.000000E+00,0.000000E+00,0.000000E+00,0.000000E+00,0.000000E+00,0.000000E+00,0.000000E+00,0.000000E+00,1.900106E+01,8.621442E+01,1.900106E+01,8.621442E+01,0.000000E+00,0.000000E+00,0.000000E+00,0.000000E+00,0.000000E+00,0.000000E+00,0.000000E+00,0.000000E+00,0.000000E+00,0.000000E+00,0.000000E+00,0.000000E+00,0.000000E+00,0.000000E+00,1.869084E+01,8.934208E+01
21:00:00,0.000000E+00,0.000000E+00,0.000000E+00,0.000000E+00,0.000000E+00,0.000000E+00,0.000000E+00,0.000000E+00,0.000000E+00,0.000000E+00,0.000000E+00,0.000000E+00,0.000000E+00,0.000000E+00,1.873493E+01,9.087554E+01,0.000000E+00,0.000000E+00,0.000000E+00,0.000000E+00,0.000000E+00,0.000000E+00,0.000000E+00,0.000000E+00,0.000000E+00,0.000000E+00,0.000000E+00,0.000000E+00,0.000000E+00,0.000000E+00,1.863945E+01,9.133613E+01,0.000000E+00,0.000000E+00,0.000000E+00,0.000000E+00,0.000000E+00,0.000000E+00,0.000000E+00,0.000000E+00,0.000000E+00,0.000000E+00,0.000000E+00,0.000000E+00,0.000000E+00,0.000000E+00,1.866857E+01,8.912408E+01,0.000000E+00,0.000000E+00,0.000000E+00,0.000000E+00,0.000000E+00,0.000000E+00,0.000000E+00,0.000000E+00,0.000000E+00,0.000000E+00,0.000000E+00,0.000000E+00,0.000000E+00,0.000000E+00,1.862113E+01,8.873214E+01,0.000000E+00,1.750050E+02,0.000000E+00,5.724889E-02,0.000000E+00,0.000000E+00,0.000000E+00,0.000000E+00,0.000000E+00,0.000000E+00,0.000000E+00,0.000000E+00,0.000000E+00,0.000000E+00,1.799782E+01,8.834008E+01,0.000000E+00,0.000000E+00,0.000000E+00,0.000000E+00,0.000000E+00,0.000000E+00,0.000000E+00,0.000000E+00,0.000000E+00,0.000000E+00,0.000000E+00,0.000000E+00,0.000000E+00,0.000000E+00,1.831028E+01,9.003806E+01,6.490533E+01,0.000000E+00,3.031137E-03,0.000000E+00,0.000000E+00,0.000000E+00,0.000000E+00,0.000000E+00,0.000000E+00,0.000000E+00,0.000000E+00,0.000000E+00,1.900106E+01,8.616451E+01,1.900106E+01,8.616451E+01,0.000000E+00,0.000000E+00,0.000000E+00,0.000000E+00,0.000000E+00,0.000000E+00,0.000000E+00,0.000000E+00,0.000000E+00,0.000000E+00,0.000000E+00,0.000000E+00,0.000000E+00,0.000000E+00,1.869082E+01,8.928801E+01
22:00:00,0.000000E+00,0.000000E+00,0.000000E+00,0.000000E+00,0.000000E+00,0.000000E+00,0.000000E+00,0.000000E+00,0.000000E+00,0.000000E+00,0.000000E+00,0.000000E+00,0.000000E+00,0.000000E+00,1.873489E+01,9.081818E+01,0.000000E+00,0.000000E+00,0.000000E+00,0.000000E+00,0.000000E+00,0.000000E+00,0.000000E+00,0.000000E+00,0.000000E+00,0.000000E+00,0.000000E+00,0.000000E+00,0.000000E+00,0.000000E+00,1.863941E+01,9.127858E+01,0.000000E+00,0.000000E+00,0.000000E+00,0.000000E+00,0.000000E+00,0.000000E+00,0.000000E+00,0.000000E+00,0.000000E+00,0.000000E+00,0.000000E+00,0.000000E+00,0.000000E+00,0.000000E+00,1.866855E+01,8.907147E+01,0.000000E+00,0.000000E+00,0.000000E+00,0.000000E+00,0.000000E+00,0.000000E+00,0.000000E+00,0.000000E+00,0.000000E+00,0.000000E+00,0.000000E+00,0.000000E+00,0.000000E+00,0.000000E+00,1.862111E+01,8.868051E+01,0.000000E+00,1.749972E+02,0.000000E+00,5.724628E-02,0.000000E+00,0.000000E+00,0.000000E+00,0.000000E+00,0.000000E+00,0.000000E+00,0.000000E+00,0.000000E+00,0.000000E+00,0.000000E+00,1.799783E+01,8.829317E+01,0.000000E+00,0.000000E+00,0.000000E+00,0.000000E+00,0.000000E+00,0.000000E+00,0.000000E+00,0.000000E+00,0.000000E+00,0.000000E+00,0.000000E+00,0.000000E+00,0.000000E+00,0.000000E+00,1.831026E+01,8.998556E+01,6.490809E+01,0.000000E+00,3.031266E-03,0.000000E+00,0.000000E+00,0.000000E+00,0.000000E+00,0.000000E+00,0.000000E+00,0.000000E+00,0.000000E+00,0.000000E+00,1.900106E+01,8.611466E+01,1.900106E+01,8.611466E+01,0.000000E+00,0.000000E+00,0.000000E+00,0.000000E+00,0.000000E+00,0.000000E+00,0.000000E+00,0.000000E+00,0.000000E+00,0.000000E+00,0.000000E+00,0.000000E+00,0.000000E+00,0.000000E+00,1.869080E+01,8.923404E+01
23:00:00,0.000000E+00,0.000000E+00,0.000000E+00,0.000000E+00,0.000000E+00,0.000000E+00,0.000000E+00,0.000000E+00,0.000000E+00,0.000000E+00,0.000000E+00,0.000000E+00,0.000000E+00,0.000000E+00,1.873486E+01,9.076093E+01,0.000000E+00,0.000000E+00,0.000000E+00,0.000000E+00,0.000000E+00,0.000000E+00,0.000000E+00,0.000000E+00,0.000000E+00,0.000000E+00,0.000000E+00,0.000000E+00,0.000000E+00,0.000000E+00,1.863937E+01,9.122112E+01,0.000000E+00,0.000000E+00,0.000000E+00,0.000000E+00,0.000000E+00,0.000000E+00,0.000000E+00,0.000000E+00,0.000000E+00,0.000000E+00,0.000000E+00,0.000000E+00,0.000000E+00,0.000000E+00,1.866853E+01,8.901892E+01,0.000000E+00,0.000000E+00,0.000000E+00,0.000000E+00,0.000000E+00,0.000000E+00,0.000000E+00,0.000000E+00,0.000000E+00,0.000000E+00,0.000000E+00,0.000000E+00,0.000000E+00,0.000000E+00,1.862110E+01,8.862894E+01,0.000000E+00,1.749899E+02,0.000000E+00,5.724381E-02,0.000000E+00,0.000000E+00,0.000000E+00,0.000000E+00,0.000000E+00,0.000000E+00,0.000000E+00,0.000000E+00,0.000000E+00,0.000000E+00,1.799783E+01,8.824631E+01,0.000000E+00,0.000000E+00,0.000000E+00,0.000000E+00,0.000000E+00,0.000000E+00,0.000000E+00,0.000000E+00,0.000000E+00,0.000000E+00,0.000000E+00,0.000000E+00,0.000000E+00,0.000000E+00,1.831024E+01,8.993314E+01,6.491071E+01,0.000000E+00,3.031388E-03,0.000000E+00,0.000000E+00,0.000000E+00,0.000000E+00,0.000000E+00,0.000000E+00,0.000000E+00,0.000000E+00,0.000000E+00,1.900106E+01,8.606488E+01,1.900106E+01,8.606488E+01,0.000000E+00,0.000000E+00,0.000000E+00,0.000000E+00,0.000000E+00,0.000000E+00,0.000000E+00,0.000000E+00,0.000000E+00,0.000000E+00,0.000000E+00,0.000000E+00,0.000000E+00,0.000000E+00,1.869077E+01,8.918016E+01
24:00:00,0.000000E+00,0.000000E+00,0.000000E+00,0.000000E+00,0.000000E+00,0.000000E+00,0.000000E+00,0.000000E+00,0.000000E+00,0.000000E+00,0.000000E+00,0.000000E+00,0.000000E+00,0.000000E+00,1.873482E+01,9.070378E+01,0.000000E+00,0.000000E+00,0.000000E+00,0.000000E+00,0.000000E+00,0.000000E+00,0.000000E+00,0.000000E+00,0.000000E+00,0.000000E+00,0.000000E+00,0.000000E+00,0.000000E+00,0.000000E+00,1.863933E+01,9.116378E+01,0.000000E+00,0.000000E+00,0.000000E+00,0.000000E+00,0.000000E+00,0.000000E+00,0.000000E+00,0.000000E+00,0.000000E+00,0.000000E+00,0.000000E+00,0.000000E+00,0.000000E+00,0.000000E+00,1.866851E+01,8.896642E+01,0.000000E+00,0.000000E+00,0.000000E+00,0.000000E+00,0.000000E+00,0.000000E+00,0.000000E+00,0.000000E+00,0.000000E+00,0.000000E+00,0.000000E+00,0.000000E+00,0.000000E+00,0.000000E+00,1.862108E+01,8.857742E+01,0.000000E+00,1.749830E+02,0.000000E+00,5.724147E-02,0.000000E+00,0.000000E+00,0.000000E+00,0.000000E+00,0.000000E+00,0.000000E+00,0.000000E+00,0.000000E+00,0.000000E+00,0.000000E+00,1.799784E+01,8.819951E+01,0.000000E+00,0.000000E+00,0.000000E+00,0.000000E+00,0.000000E+00,0.000000E+00,0.000000E+00,0.000000E+00,0.000000E+00,0.000000E+00,0.000000E+00,0.000000E+00,0.000000E+00,0.000000E+00,1.831022E+01,8.988080E+01,6.491318E+01,0.000000E+00,3.031503E-03,0.000000E+00,0.000000E+00,0.000000E+00,0.000000E+00,0.000000E+00,0.000000E+00,0.000000E+00,0.000000E+00,0.000000E+00,1.900105E+01,8.601517E+01,1.900105E+01,8.601517E+01,0.000000E+00,0.000000E+00,0.000000E+00,0.000000E+00,0.000000E+00,0.000000E+00,0.000000E+00,0.000000E+00,0.000000E+00,0.000000E+00,0.000000E+00,0.000000E+00,0.000000E+00,0.000000E+00,1.869075E+01,8.912638E+01
Peak,0.000000E+00,0.000000E+00,0.000000E+00,0.000000E+00,0.000000E+00,0.000000E+00,0.000000E+00,0.000000E+00,0.000000E+00,0.000000E+00,0.000000E+00,0.000000E+00,,,,,0.000000E+00,0.000000E+00,0.000000E+00,0.000000E+00,0.000000E+00,0.000000E+00,0.000000E+00,0.000000E+00,0.000000E+00,0.000000E+00,0.000000E+00,0.000000E+00,,,,,0.000000E+00,0.000000E+00,0.000000E+00,0.000000E+00,0.000000E+00,0.000000E+00,0.000000E+00,0.000000E+00,0.000000E+00,0.000000E+00,0.000000E+00,0.000000E+00,,,,,0.000000E+00,0.000000E+00,0.000000E+00,0.000000E+00,0.000000E+00,0.000000E+00,0.000000E+00,0.000000E+00,0.000000E+00,0.000000E+00,0.000000E+00,0.000000E+00,,,,,0.000000E+00,1.753057E+02,0.000000E+00,5.734886E-02,0.000000E+00,0.000000E+00,0.000000E+00,0.000000E+00,0.000000E+00,0.000000E+00,0.000000E+00,0.000000E+00,,,,,0.000000E+00,0.000000E+00,0.000000E+00,0.000000E+00,0.000000E+00,0.000000E+00,0.000000E+00,0.000000E+00,0.000000E+00,0.000000E+00,0.000000E+00,0.000000E+00,,,,,6.491318E+01,0.000000E+00,3.031503E-03,0.000000E+00,0.000000E+00,0.000000E+00,0.000000E+00,0.000000E+00,0.000000E+00,0.000000E+00,0.000000E+00,0.000000E+00,,,,,0.000000E+00,0.000000E+00,0.000000E+00,0.000000E+00,0.000000E+00,0.000000E+00,0.000000E+00,0.000000E+00,0.000000E+00,0.000000E+00,0.000000E+00,0.000000E+00,,,,

Peak Vol Flow (m3/s),,,0.000000E+00,0.000000E+00,,,0.000000E+00,0.000000E+00,,,,,,,,,,,0.000000E+00,0.000000E+00,,,0.000000E+00,0.000000E+00,,,,,,,,,,,0.000000E+00,0.000000E+00,,,0.000000E+00,0.000000E+00,,,,,,,,,,,0.000000E+00,0.000000E+00,,,0.000000E+00,0.000000E+00,,,,,,,,,,,0.000000E+00,4.759433E-02,,,0.000000E+00,0.000000E+00,,,,,,,,,,,0.000000E+00,0.000000E+00,,,0.000000E+00,0.000000E+00,,,,,,,,,,,2.515872E-03,0.000000E+00,,,0.000000E+00,0.000000E+00,,,,,,,,,,,0.000000E+00,0.000000E+00,,,0.000000E+00,0.000000E+00,,,,,,,,
